Nombre,Gerencia área / area,Especialidad,Gerencia ACL,Asesor HSW,Ene,feb,mar,Abr,May,Jun,Jul,Ago,Sept,Oct,Nov,Dic
Usuario 1,Engineering,Geotecnia y Geomecanica,Technical & Execution,Asesor 1,,,,,,,,,,,,
Usuario 2,Marcomms,Marcomms,Marcomms,Asesor 1,,,,,,,,,,,,
Usuario 3,Technical & Execution,Technical & Execution,Technical & Execution,Asesor 1,,,,,,,,,,,,
Usuario 4,Consulting and Sustainability,Estudios y Permisos Ambientales,Technical & Execution,Asesor 1,,,,,,,,,,,,
Usuario 5,Execution,Estimaciones y Constructibilidad,Technical & Execution,Asesor 1,,,,,,,,,,,,
Usuario 6,Execution,Estimaciones y Constructibilidad,Technical & Execution,Asesor 1,,,,,,,,,,,,
Usuario 7,Engineering,Geotecnia y Geomecanica,Technical & Execution,Asesor 2,,,,,,1,,,,,,
Usuario 8,Engineering,Geotecnia y Geomecanica,Technical & Execution,Asesor 1,,,,,,,,,,,,
Usuario 9,"Health, safety and wellness","Health, safety and wellness",BA Operations,Asesor 3,,,,,,1,,,,,,
Usuario 10,Control de Proyectos / Control de Documentos,Control de Documentos,BA Operations,Asesor 1,,,,,,,,,,,,
Usuario 11,Consulting and Sustainability,Estudios Sociales y Estandares Internacionales,Technical & Execution,Asesor 1,,,,,,,,,,,,
Usuario 12,Consulting and Sustainability,Gestion de Recursos Hidricos y Remediacion,Technical & Execution,Asesor 1,,,,,,,,,,,,
Usuario 13,Execution,Mecanica - Piping,Technical & Execution,Asesor 1,,,,,,,,,,,,
Usuario 14,Consulting and Sustainability,Gestion de Recursos Hidricos y Remediacion,Technical & Execution,Asesor 1,,,,,,,,,,,,
Usuario 15,BA Resilience ,BA Resilience ,BA Resilience ,Asesor 1,,,,,,,,,,,,
Usuario 16,Engineering,"Civil, Relaves e Hidraulica",Technical & Execution,Asesor 1,,,,,,,,,,,,
Usuario 17,Engineering,"Civil, Relaves e Hidraulica",Technical & Execution,Asesor 1,,,,,,,,,,,,
Usuario 18,Consulting and Sustainability,Gestion de Recursos Hidricos y Remediacion,Technical & Execution,Asesor 1,,,,,,,,,,,,
Usuario 19,Consulting and Sustainability,Estudios y Permisos Ambientales,Technical & Execution,Asesor 1,,,,,,,,,,,,
Usuario 20,Control de Proyectos / Control de Documentos,Control de Proyectos,BA Operations,Asesor 1,,,,,,,,,,,,
Usuario 21,Engineering,"Civil, Relaves e Hidraulica",Technical & Execution,Asesor 1,,,,,,,,,,,,
Usuario 22,"Health, safety and wellness","Health, safety and wellness",BA Operations,Asesor 1,,,,,,,1,,,,,
Usuario 23,Consulting and Sustainability,Estudios y Permisos Ambientales,Technical & Execution,Asesor 1,,,,,,,,,,,,
Usuario 24,Engineering,Geotecnia y Geomecanica,Technical & Execution,Asesor 1,,,,,,,,,,,,
Usuario 25, Execution,Electricidad e Instrumentacion,Technical & Execution,Asesor 1,,,,,,,,,,,,
Usuario 26,Execution,Mecanica - Piping,Technical & Execution,Asesor 1,,,,,,,,,,,,
Usuario 27,Consulting and Sustainability,Geologia,Technical & Execution,Asesor 1,,,,,,,,,,,,
Usuario 28,People,People Service,People,Asesor 1,,,,,,,,,,,,
Usuario 29,Engineering,Geotecnia y Geomecanica,Technical & Execution,Asesor 1,,,,,,,,,,,,
Usuario 30,Engineering,Procesos,Technical & Execution,Asesor 1,,,,,,,,,,,,
Usuario 31,Engineering,"Civil, Relaves e Hidraulica",Technical & Execution,Asesor 1,,,,,,,,,,,,
Usuario 32,Engineering,Geotecnia y Geomecanica,Technical & Execution,Asesor 1,,,,,,,,,,,,
Usuario 33,Consulting and Sustainability,Estudios Sociales y Estandares Internacionales,Technical & Execution,Asesor 1,,,,,,,,,,,,
Usuario 34,People,People Service,People,Asesor 1,,,,,,,,,,,,
Usuario 35,Consulting and Sustainability,Gestion de Recursos Hidricos y Remediacion,Technical & Execution,Asesor 1,,,,,,,,,,,,
Usuario 36,"Legal, Compliance & Privacy ","Legal, Compliance & Privacy ",BA Resilience ,Asesor 1,,,,,,,,,,,,
Usuario 37,Growth,Growth,Growth,Asesor 1,,,,,,,,,,,,
Usuario 38,Consulting and Sustainability,Geologia,Technical & Execution,Asesor 1,,,,,,,,,,,,
Usuario 39,Consulting and Sustainability,Estudios y Permisos Ambientales,Technical & Execution,Asesor 1,,,,,,,,,,,,
Usuario 40,Growth,Proposals ACL,Growth,Asesor 1,,,,,,,,,,,,
Usuario 41,Execution,Mecanica - Piping,Technical & Execution,Asesor 1,,,,,,,,,,,,
Usuario 42,Engineering,"Civil, Relaves e Hidraulica",Technical & Execution,Asesor 1,,,,,,,,,,,,
Usuario 43,Execution,Estimaciones y Constructibilidad,Technical & Execution,Asesor 1,,,,,,,,,,,,
Usuario 44,Engineering,Geotecnia y Geomecanica,Technical & Execution,Asesor 1,,,,,,,,,,,,
Usuario 45,Engineering,Geotecnia y Geomecanica,Technical & Execution,Asesor 1,,,,,,,,,,,,
Usuario 46,"Health, safety and wellness","Health, safety and wellness",BA Operations,Asesor 2,,,,,1.0,,,,,,,
Usuario 47,Engineering,Geotecnia y Geomecanica,Technical & Execution,Asesor 1,,,,,,,,,,,,
Usuario 48,Engineering,Geotecnia y Geomecanica,Technical & Execution,Asesor 1,,,,,,,,,,,,
Usuario 49,Execution,Mecanica - Piping,Technical & Execution,Asesor 1,,,,,,,,,,,,
Usuario 50,Growth,Proposals ACL,Growth,Asesor 1,,,,,,,,,,,,
Usuario 51,Engineering,Sistemas de Ingenieria BIM,Technical & Execution,Asesor 1,,,,,,,,,,,,
Usuario 52,Engineering,"Civil, Relaves e Hidraulica",Technical & Execution,Asesor 1,,,,,,,,,,,,
Usuario 53,SGI/Quality,SGI/Quality,BA Operations,Asesor 1,,,,,,,,,,,,
Usuario 54, Execution,Electricidad e Instrumentacion,Technical & Execution,Asesor 1,,,,,,,,,,,,
Usuario 55,Consulting and Sustainability,Analisis Territorial y Geotecnologias,Technical & Execution,Asesor 1,,,,,,,,,,,,
Usuario 56,Engineering,Geotecnia y Geomecanica,Technical & Execution,Asesor 1,,,,,,,,,,,,
Usuario 57,Consulting and Sustainability,Gestion de Recursos Hidricos y Remediacion,Technical & Execution,Asesor 1,,,,,,,,,,,,
Usuario 58,Consulting and Sustainability,Estudios y Permisos Ambientales,Technical & Execution,Asesor 1,,,,,,,,,,,,
Usuario 59, Execution,Electricidad e Instrumentacion,Technical & Execution,Asesor 1,,,,,,,,,,,,
Usuario 60,Growth,Proposals ACL,Growth,Asesor 1,,,,,,,,,,,,
Usuario 61,Consulting and Sustainability,Gestion de Recursos Hidricos y Remediacion,Technical & Execution,Asesor 2,,,,,1.0,,,,,,,
Usuario 62,Engineering,Geotecnia y Geomecanica,Technical & Execution,Asesor 1,,,,,,,,,,,,
Usuario 63,"Legal, Compliance & Privacy ","Legal, Compliance & Privacy ",BA Resilience ,Asesor 1,,,,,,,,,,,,
Usuario 64,Consulting and Sustainability,Gestion de Recursos Hidricos y Remediacion,Technical & Execution,Asesor 1,,,,,,,,,,,,
Usuario 65,Travel / Logistica,Travel / Logistica,BA Operations,Asesor 1,,,,,,,,,,,,
Usuario 66,Control de Proyectos / Control de Documentos,Control de Proyectos,BA Operations,Asesor 1,,,,,,,,,,,,
Usuario 67,Control de Proyectos / Control de Documentos,Control de Proyectos,BA Operations,Asesor 1,,,,,,,,,,,,
Usuario 68,Execution,Mecanica - Piping,Technical & Execution,Asesor 1,,,,,,,,,,,,
Usuario 69,Engineering,Geotecnia y Geomecanica,Technical & Execution,Asesor 1,,,,,,,,,,,,
Usuario 70,Consulting and Sustainability,Estudios y Permisos Ambientales,Technical & Execution,Asesor 1,,,,,,,,,,,,
Usuario 71,Control de Proyectos / Control de Documentos,Control de Proyectos,BA Operations,Asesor 1,,,,,,,,,,,,
Usuario 72,Consulting and Sustainability,Gestion de Recursos Hidricos y Remediacion,Technical & Execution,Asesor 1,,,,,,,,,,,,
Usuario 73,Global Technology,Digital Services & Solutions,BA Resilience ,Asesor 1,,,,,,,,,,,,
Usuario 74,Consulting and Sustainability,Estudios y Permisos Ambientales,Technical & Execution,Asesor 1,,,,,,,,,,,,
Usuario 75,Control de Proyectos / Control de Documentos,Control de Proyectos,BA Operations,Asesor 1,,,,,,,,,,,,
Usuario 76,Execution,Mecanica - Piping,Technical & Execution,Asesor 1,,,,,,,,,,,,
Usuario 77,Execution,Estructuras y Arquitectura,Technical & Execution,Asesor 1,,,,,,,,,,,,
Usuario 78,Consulting and Sustainability,Gestion de Recursos Hidricos y Remediacion,Technical & Execution,Asesor 1,,,,,,,,,,,,
Usuario 79,Execution,Mecanica - Piping,Technical & Execution,Asesor 1,,,,,,,,,,,,
Usuario 80,Engineering,Geotecnia y Geomecanica,Technical & Execution,Asesor 1,,,,,,,,,,,,
Usuario 81,Consulting and Sustainability,Gestion de Recursos Hidricos y Remediacion,Technical & Execution,Asesor 1,,,,,,,,,,,,
Usuario 82,Engineering,"Civil, Relaves e Hidraulica",Technical & Execution,Asesor 1,,,,,,,,,,,,
Usuario 83,Engineering,"Civil, Relaves e Hidraulica",Technical & Execution,Asesor 1,,,,,,,,,,,,
Usuario 84,"Health, safety and wellness","Health, safety and wellness",BA Operations,Asesor 4,,,,,1.0,,,,,,,
Usuario 85,Engineering,Geotecnia y Geomecanica,Technical & Execution,Asesor 1,,,,,,,,,,,,
Usuario 86,Engineering,Geotecnia y Geomecanica,Technical & Execution,Asesor 1,,,,,,,,,,,,
Usuario 87,Travel / Logistica,Travel / Logistica,BA Operations,Asesor 1,,,,,,,,,,,,
Usuario 88,Control de Proyectos / Control de Documentos,Control de Proyectos,BA Operations,Asesor 1,,,,,,,,,,,,
Usuario 89,Consulting and Sustainability,Estudios y Permisos Ambientales,Technical & Execution,Asesor 1,,,,,,,,,,,,
Usuario 90,Execution,Mecanica - Piping,Technical & Execution,Asesor 1,,,,,,,,,,,,
Usuario 91,Growth,Proposals ACL,Growth,Asesor 1,,,,,,,,,,,,
Usuario 92,Consulting and Sustainability,Geologia,Technical & Execution,Asesor 2,,,,,,,,1.0,,,,
Usuario 93,Engineering,Geotecnia y Geomecanica,Technical & Execution,Asesor 1,,,,,,,,,,,,
Usuario 94,Consulting and Sustainability,Gestion de Recursos Hidricos y Remediacion,Technical & Execution,Asesor 1,,,,,,,,,,,,
Usuario 95,Growth,Proposals ACL,Growth,Asesor 1,,,,,,,,,,,,
Usuario 96,Consulting and Sustainability,Estudios Sociales y Estandares Internacionales,Technical & Execution,Asesor 1,,,,,,,,,,,,
Usuario 97,Control de Proyectos / Control de Documentos,Control de Proyectos,BA Operations,Asesor 1,,,,,,,,,,,,
Usuario 98,Consulting and Sustainability,Gestion de Recursos Hidricos y Remediacion,Technical & Execution,Asesor 1,,,,,,,,,,,,
Usuario 99,Consulting and Sustainability,Equipos de Medicion,Technical & Execution,Asesor 1,,,,,,,,,,,,
Usuario 100,Consulting and Sustainability,Gestion de Recursos Hidricos y Remediacion,Technical & Execution,Asesor 2,,,1.0,,,,,,,,,
Usuario 101,BA Operations,Contratos,BA Operations,Asesor 1,,,,,,,,,,,,
Usuario 102,Engineering,Geotecnia y Geomecanica,Technical & Execution,Asesor 1,,,,,,,,,,,,
Usuario 103,Execution,Estructuras y Arquitectura,Technical & Execution,Asesor 1,,,,,,,,,,,,
Usuario 104,Accounting,Contabilidad,Finance,Asesor 5,,,,,,1,,,,,,
Usuario 105,Consulting and Sustainability,Geologia,Technical & Execution,Asesor 1,,,,,,,,,,,,
Usuario 106,Consulting and Sustainability,Estudios Sociales y Estandares Internacionales,Technical & Execution,Asesor 1,,,,,,,,,,,,
Usuario 107,Consulting and Sustainability,Analisis Territorial y Geotecnologias,Technical & Execution,Asesor 1,,,,,,,,,,,,
Usuario 108,Consulting and Sustainability,Estudios Sociales y Estandares Internacionales,Technical & Execution,Asesor 2,1.0,,,,,,,,,,,
Usuario 109,Consulting and Sustainability,Gestion de Recursos Hidricos y Remediacion,Technical & Execution,Asesor 1,,,,,,,,,,,,
Usuario 110,Consulting and Sustainability,Gestion de Recursos Hidricos y Remediacion,Technical & Execution,Asesor 1,,,,,,,,,,,,
Usuario 111, Execution,Electricidad e Instrumentacion,Technical & Execution,Asesor 1,,,,,,,,,,,,
Usuario 112, Execution,Electricidad e Instrumentacion,Technical & Execution,Asesor 1,,,,,,,,,,,,
Usuario 113,Consulting and Sustainability,Gestion de Recursos Hidricos y Remediacion,Technical & Execution,Asesor 1,,,,,,,,,,,,
Usuario 114,Consulting and Sustainability,Gestion de Recursos Hidricos y Remediacion,Technical & Execution,Asesor 1,,,,,,,,,,,,
Usuario 115,Engineering,"Civil, Relaves e Hidraulica",Technical & Execution,Asesor 1,,,,,,,,,,,,
Usuario 116,Engineering,Geotecnia y Geomecanica,Technical & Execution,Asesor 1,,,,,,,,,,,,
Usuario 117,Control de Proyectos / Control de Documentos,Control de Proyectos,BA Operations,Asesor 1,,,,,,,,,,,,
Usuario 118,Engineering,Geotecnia y Geomecanica,Technical & Execution,Asesor 1,,,,,,,,,,,,
Usuario 119,Consulting and Sustainability,Estudios y Permisos Ambientales,Technical & Execution,Asesor 1,,,,,,,,,,,,
Usuario 120,Execution,Estructuras y Arquitectura,Technical & Execution,Asesor 1,,,,,,,,,,,,
Usuario 121,Control de Proyectos / Control de Documentos,Control de Proyectos,BA Operations,Asesor 1,,,,,,,,,,,,
Usuario 122,Engineering,Geotecnia y Geomecanica,Technical & Execution,Asesor 1,,,,,,,,,,,,
Usuario 123,Engineering,Geotecnia y Geomecanica,Technical & Execution,Asesor 1,,,,,,,,,,,,
Usuario 124,Engineering,Geotecnia y Geomecanica,Technical & Execution,Asesor 1,,,,,,,,,,,,
Usuario 125,Engineering,"Civil, Relaves e Hidraulica",Technical & Execution,Asesor 1,,,,,,,,,,,,
Usuario 126,Execution,Mecanica - Piping,Technical & Execution,Asesor 1,,,,,,,,,,,,
Usuario 127,SGI/Quality,SGI/Quality,BA Operations,Asesor 1,,,,,,,,,,,,
Usuario 128,Control de Proyectos / Control de Documentos,Control de Proyectos,BA Operations,Asesor 1,,,,,,,,,,,,
Usuario 129,Engineering,Sistemas de Ingenieria BIM,Technical & Execution,Asesor 1,,,,,,,,,,,,
Usuario 130,Consulting and Sustainability,Estudios y Permisos Ambientales,Technical & Execution,Asesor 1,,,,,,,,,,,,
Usuario 131,Engineering,Geotecnia y Geomecanica,Technical & Execution,Asesor 1,,,,,,,,,,,,
Usuario 132,Engineering,Geotecnia y Geomecanica,Technical & Execution,Asesor 1,,,,,,,,,,,,
Usuario 133,BU Mining Consulting,BU Mining Consulting,BU Mining Consulting,Asesor 1,,,,,,,,,,,,
Usuario 134,Engineering,Geotecnia y Geomecanica,Technical & Execution,Asesor 1,,,,,,,,,,,,
Usuario 135,Execution,Estructuras y Arquitectura,Technical & Execution,Asesor 1,,,,,,,,,,,,
Usuario 136,Consulting and Sustainability,Gestion de Recursos Hidricos y Remediacion,Technical & Execution,Asesor 2,,,,,,,,,,,,
Usuario 137,Engineering,Geotecnia y Geomecanica,Technical & Execution,Asesor 1,,,,,,,,,,,,
Usuario 138,Consulting and Sustainability,Geologia,Technical & Execution,Asesor 1,,,,,,,,,,,,
Usuario 139,Consulting and Sustainability,Geologia,Technical & Execution,Asesor 1,,,,,,,,,,,,
Usuario 140,Engineering,"Civil, Relaves e Hidraulica",Technical & Execution,Asesor 1,,,,,,,,,,,,
Usuario 141,Control de Proyectos / Control de Documentos,Control de Documentos,BA Operations,Asesor 1,,,,,,,,,,,,
Usuario 142,Engineering,"Civil, Relaves e Hidraulica",Technical & Execution,Asesor 1,,,,,,,,,,,,
Usuario 143,Engineering,"Civil, Relaves e Hidraulica",Technical & Execution,Asesor 1,,,,,,,,,,,,
Usuario 144,Accounting,Cuentas Por Pagar,Finance,Asesor 1,,,,,,,,,,,,
Usuario 145,Control de Proyectos / Control de Documentos,Control de Proyectos,BA Operations,Asesor 1,,,,,,,,,,,,
Usuario 146,Consulting and Sustainability,Estudios Sociales y Estandares Internacionales,Technical & Execution,Asesor 1,,,,,,,,,,,,
Usuario 147,BA Operations,Contratos,BA Operations,Asesor 1,,,,,,,,,,,,
Usuario 148,Control de Proyectos / Control de Documentos,Control de Proyectos,BA Operations,Asesor 1,,,,,,,,,,,,
Usuario 149,Engineering,Geotecnia y Geomecanica,Technical & Execution,Asesor 2,,,,,,1,,,,,,
Usuario 150,Consulting and Sustainability,Gestion de Recursos Hidricos y Remediacion,Technical & Execution,Asesor 2,,,,,,1,,,,,,
Usuario 151,Engineering,Geotecnia y Geomecanica,Technical & Execution,Asesor 1,,,,,,,,,,,,
Usuario 152,Growth,Energy & Resources Chile,Growth,Asesor 1,,,,,,,,,,,,
Usuario 153,Engineering,"Civil, Relaves e Hidraulica",Technical & Execution,Asesor 1,,,,,,,,,,,,
Usuario 154,"Health, safety and wellness","Health, safety and wellness",BA Operations,Asesor 1,,,,,,,1,,,,,
Usuario 155,Consulting and Sustainability,Gestion de Recursos Hidricos y Remediacion,Technical & Execution,Asesor 1,,,,,,,,,,,,
Usuario 156,Consulting and Sustainability,Gestion de Recursos Hidricos y Remediacion,Technical & Execution,Asesor 1,,,,,,,,,,,,
Usuario 157,Engineering,Geotecnia y Geomecanica,Technical & Execution,Asesor 1,,,,,,,,,,,,
Usuario 158,Consulting and Sustainability,Gestion de Recursos Hidricos y Remediacion,Technical & Execution,Asesor 1,,,,,,,,,,,,
Usuario 159,"Health, safety and wellness","Health, safety and wellness",BA Operations,Asesor 1,,,,,,,,,,,,
Usuario 160,Consulting and Sustainability,Estudios y Permisos Ambientales,Technical & Execution,Asesor 1,,,,,,,,,,,,
Usuario 161,Consulting and Sustainability,Gestion de Recursos Hidricos y Remediacion,Technical & Execution,Asesor 1,,,,,,,,,,,,
Usuario 162,Engineering,Geotecnia y Geomecanica,Technical & Execution,Asesor 1,,,,,,,,,,,,
Usuario 163,Execution,Estimaciones y Constructibilidad,Technical & Execution,Asesor 1,,,,,,,,,,,,
Usuario 164,Engineering,Geotecnia y Geomecanica,Technical & Execution,Asesor 1,,,,,,,,,,,,
Usuario 165,Engineering,Geotecnia y Geomecanica,Technical & Execution,Asesor 1,,,,,,,,,,,,
Usuario 166,Engineering,"Civil, Relaves e Hidraulica",Technical & Execution,Asesor 1,,,,,,,,,,,,
Usuario 167,E&D-E&C,E&D-E&C,BA Operations,Asesor 1,,,,,,,,,,,,
Usuario 168,Execution,Mecanica - Piping,Technical & Execution,Asesor 1,,,,,,,,,,,,
Usuario 169,Control de Proyectos / Control de Documentos,Control de Documentos,BA Operations,Asesor 1,,,,,,,,,,,,
Usuario 170,Consulting and Sustainability,Gestion de Recursos Hidricos y Remediacion,Technical & Execution,Asesor 1,,,,,,,,,,,,
Usuario 171,Engineering,Geotecnia y Geomecanica,Technical & Execution,Asesor 1,,,,,,,,,,,,
Usuario 172,Control de Proyectos / Control de Documentos,Control de Proyectos,BA Operations,Asesor 1,,,,,,,,,,,,
Usuario 173,Consulting and Sustainability,Estudios y Permisos Ambientales,Technical & Execution,Asesor 1,,,,,,,,,,,,
Usuario 174,Engineering,Geotecnia y Geomecanica,Technical & Execution,Asesor 1,,,,,,,,,,,,
Usuario 175,Control de Proyectos / Control de Documentos,Control de Documentos,BA Operations,Asesor 1,,,,,,,,,,,,
Usuario 176,Consulting and Sustainability,Geologia,Technical & Execution,Asesor 1,,,,,,,,,,,,
Usuario 177,Control de Proyectos / Control de Documentos,Control de Proyectos,BA Operations,Asesor 1,,,,,,,,,,,,
Usuario 178,Engineering,Geotecnia y Geomecanica,Technical & Execution,Asesor 1,,,,,,,,,,,,
Usuario 179,Engineering,"Civil, Relaves e Hidraulica",Technical & Execution,Asesor 1,,,,,,,,,,,,
Usuario 180,Control de Proyectos / Control de Documentos,Control de Documentos,BA Operations,Asesor 1,,,,,,,,,,,,
Usuario 181,Engineering,Geotecnia y Geomecanica,Technical & Execution,Asesor 1,,,,,,,,,,,,
Usuario 182,Consulting and Sustainability,Gestion de Recursos Hidricos y Remediacion,Technical & Execution,Asesor 1,,,,,,,,,,,,
Usuario 183,Execution,Mecanica - Piping,Technical & Execution,Asesor 1,,,,,,,,,,,,
Usuario 184,Engineering,Sistemas de Ingenieria BIM,Technical & Execution,Asesor 1,,,,1.0,,,,,,,,
Usuario 185,Execution,Estructuras y Arquitectura,Technical & Execution,Asesor 1,,,,,,,,,,,,
Usuario 186,People,People,People,Asesor 1,,,,,,,,,,,,
Usuario 187,Engineering,"Civil, Relaves e Hidraulica",Technical & Execution,Asesor 1,,,,,,,,,,,,
Usuario 188,Engineering,Geotecnia y Geomecanica,Technical & Execution,Asesor 1,,,,,,,,,,,,
Usuario 189,Controlling,BUC,Finance,Asesor 1,,,,,,,,,,,,
Usuario 190,Accounting,Contabilidad,Finance,Asesor 1,,,,,,,,,,,,
Usuario 191,Control de Proyectos / Control de Documentos,Control de Documentos,BA Operations,Asesor 1,,,,,,,,,,,,
Usuario 192,Engineering,"Civil, Relaves e Hidraulica",Technical & Execution,Asesor 1,,,,,,,,,,,,
Usuario 193,Engineering,Geotecnia y Geomecanica,Technical & Execution,Asesor 1,,,,,,,,,,,,
Usuario 194,Technical & Execution,Consultants,Technical & Execution,Asesor 1,,,,,,,,,,,,
Usuario 195,Execution,Estimaciones y Constructibilidad,Technical & Execution,Asesor 1,,,,,,,,,,,,
Usuario 196,Execution,Estructuras y Arquitectura,Technical & Execution,Asesor 1,,,,,,,,,,,,
Usuario 197,Consulting and Sustainability,Estudios Sociales y Estandares Internacionales,Technical & Execution,Asesor 1,,,,,,,,,,,,
Usuario 198,Engineering,"Civil, Relaves e Hidraulica",Technical & Execution,Asesor 1,,,,,,,,,,,,
Usuario 199,Execution,Mecanica - Piping,Technical & Execution,Asesor 1,,,,,,,,,,,,
Usuario 200,Engineering,Geotecnia y Geomecanica,Technical & Execution,Asesor 1,,,,,,,,,,,,
Usuario 201,Execution,Estructuras y Arquitectura,Technical & Execution,Asesor 1,,,,,,,,,,,,
Usuario 202,Engineering,Geotecnia y Geomecanica,Technical & Execution,Asesor 1,,,,,,,,,,,,
Usuario 203,Consulting and Sustainability,Geologia,Technical & Execution,Asesor 1,,,,,,,X,,,,,
Usuario 204,"Health, safety and wellness","Health, safety and wellness",BA Operations,Asesor 1,,,,,,,1,,,,,
Usuario 205,Execution,Estructuras y Arquitectura,Technical & Execution,Asesor 1,,,,,,,,,,,,
Usuario 206,Execution,Estructuras y Arquitectura,Technical & Execution,Asesor 1,,,,,,,,,,,,
Usuario 207,Control de Proyectos / Control de Documentos,Control de Proyectos,BA Operations,Asesor 1,,,,,,,,,,,,
Usuario 208,Execution,Estructuras y Arquitectura,Technical & Execution,Asesor 1,,,,,,,,,,,,
Usuario 209,Execution,Mecanica - Piping,Technical & Execution,Asesor 1,,,,,,,,,,,,
Usuario 210,Engineering,"Civil, Relaves e Hidraulica",Technical & Execution,Asesor 1,,,,,,,,,,,,
Usuario 211,Engineering,Geotecnia y Geomecanica,Technical & Execution,Asesor 1,,,,,,,,,,,,
Usuario 212,Engineering,Geotecnia y Geomecanica,Technical & Execution,Asesor 1,,,,,,,,,,,,
Usuario 213,Controlling,BUC,Finance,Asesor 1,,,,,,,,,,,,
Usuario 214,Consulting and Sustainability,Geologia,Technical & Execution,Asesor 1,,,,,,,,,,,,
Usuario 215,Consulting and Sustainability,Gestion de Recursos Hidricos y Remediacion,Technical & Execution,Asesor 1,,,,,,,,,,,,
Usuario 216,Consulting and Sustainability,Gestion de Recursos Hidricos y Remediacion,Technical & Execution,Asesor 1,,,,,,,,,,,,
Usuario 217,Execution,Mecanica - Piping,Technical & Execution,Asesor 1,,,,,,,,,,,,
Usuario 218,Consulting and Sustainability,Estudios Sociales y Estandares Internacionales,Technical & Execution,Asesor 1,,,,,,,,,,,,
Usuario 219,Consulting and Sustainability,Estudios Sociales y Estandares Internacionales,Technical & Execution,Asesor 1,,,,,,,,,,,,
Usuario 220,Consulting and Sustainability,Estudios y Permisos Ambientales,Technical & Execution,Asesor 1,,,,,,,,,,,,
Usuario 221,Consulting and Sustainability,Gestion de Recursos Hidricos y Remediacion,Technical & Execution,Asesor 1,,,,,,,,,,,,
Usuario 222,Execution,Estimaciones y Constructibilidad,Technical & Execution,Asesor 1,,,,,,,,,,,,
Usuario 223,Engineering,"Civil, Relaves e Hidraulica",Technical & Execution,Asesor 1,,,,,,,,,,,,
Usuario 224,Engineering,"Civil, Relaves e Hidraulica",Technical & Execution,Asesor 1,,,,,,,,,,,,
Usuario 225,Engineering,Geotecnia y Geomecanica,Technical & Execution,Asesor 1,,,,,,,,,,,,
Usuario 226,"Health, safety and wellness","Health, safety and wellness",BA Operations,Asesor 6,,,,,,,1,,,,,
Usuario 227,Engineering,Geotecnia y Geomecanica,Technical & Execution,Asesor 2,,,,,,1,,,,,,
Usuario 228,Workplace,Mantenimiento,BA Resilience ,Asesor 1,,,,,,,,,,,,
Usuario 229,Engineering,Geotecnia y Geomecanica,Technical & Execution,Asesor 1,,,,,,,,,,,,
Usuario 230,Control de Proyectos / Control de Documentos,Control de Documentos,BA Operations,Asesor 1,,,,,,,,,,,,
Usuario 231,Engineering,"Civil, Relaves e Hidraulica",Technical & Execution,Asesor 1,,,,,,,,,,,,
Usuario 232,People,People,People,Asesor 1,,,,,,,,,,,,
Usuario 233,Engineering,Geotecnia y Geomecanica,Technical & Execution,Asesor 1,,,,,,,,,,,,
Usuario 234,Control de Proyectos / Control de Documentos,Control de Proyectos,BA Operations,Asesor 1,,,,,,,,,,,,
Usuario 235,BA Operations,Contratos,BA Operations,Asesor 1,,,,,,,,,,,,
Usuario 236,Engineering,Geotecnia y Geomecanica,Technical & Execution,Asesor 1,,,,,,,,,,,,
Usuario 237,Global Technology,Soporte,BA Resilience ,Asesor 1,,,,,,,,,,,,
Usuario 238,Consulting and Sustainability,Estudios y Permisos Ambientales,Technical & Execution,Asesor 1,,,,,,,,,,,,
Usuario 239,People,People Service,People,Asesor 1,,,,,,,,,,,,
Usuario 240,Consulting and Sustainability,Gestion de Recursos Hidricos y Remediacion,Technical & Execution,Asesor 1,,,,,,,,,,,,
Usuario 241,Accounting,Cuentas Por Pagar,Finance,Asesor 1,,,,,,,,,,,,
Usuario 242,Consulting and Sustainability,Gestion de Recursos Hidricos y Remediacion,Technical & Execution,Asesor 1,,,,,,,,,,,,
Usuario 243,Consulting and Sustainability,Analisis Territorial y Geotecnologias,Technical & Execution,Asesor 1,,,,,,,,,,,,
Usuario 244,Execution,Mecanica - Piping,Technical & Execution,Asesor 1,,,,,,,,,,,,
Usuario 245,Growth,Proposals ACL,Growth,Asesor 1,,,,,,,,,,,,
Usuario 246,Control de Proyectos / Control de Documentos,Control de Proyectos,BA Operations,Asesor 1,,,,,,,,,,,,
Usuario 247,Engineering,Geotecnia y Geomecanica,Technical & Execution,Asesor 1,,,,,,,,,,,,
Usuario 248,Engineering,Geotecnia y Geomecanica,Technical & Execution,Asesor 2,,,,,,,,,1.0,,,
Usuario 249,Growth,Proposals ACL,Growth,Asesor 1,,,,,,,,,,,,
Usuario 250,Engineering,Geotecnia y Geomecanica,Technical & Execution,Asesor 1,,,,,,,,,,,,
Usuario 251,"Legal, Compliance & Privacy ","Legal, Compliance & Privacy ",BA Resilience ,Asesor 1,,,,,,,,,,,,
Usuario 252,Engineering,Geotecnia y Geomecanica,Technical & Execution,Asesor 1,,,,,,,,,,,,
Usuario 253,Execution,Estimaciones y Constructibilidad,Technical & Execution,Asesor 1,,,,,,,,,,,,
Usuario 254,Execution,Estructuras y Arquitectura,Technical & Execution,Asesor 1,,,,,,,,,,,,
Usuario 255,Control de Proyectos / Control de Documentos,Control de Proyectos,BA Operations,Asesor 1,,,,,,,,,,,,
Usuario 256, Execution,Electricidad e Instrumentacion,Technical & Execution,Asesor 1,,,,,,,,,,,,
Usuario 257,Control de Proyectos / Control de Documentos,Control de Proyectos,BA Operations,Asesor 1,,,,,,,,,,,,
Usuario 258,Growth,Proposals ACL,Growth,Asesor 1,,,,,,,,,,,,
Usuario 259,Engineering,Geotecnia y Geomecanica,Technical & Execution,Asesor 1,,,,,,,,,,,,
Usuario 260,People,Talent Adquisition ,People,Asesor 1,,,,,,1,,,,,,
Usuario 261,Engineering,"Civil, Relaves e Hidraulica",Technical & Execution,Asesor 1,,,,,,,,,,,,
Usuario 262,Control de Proyectos / Control de Documentos,Control de Proyectos,BA Operations,Asesor 1,,,,,,,,,,,,
Usuario 263,Engineering,Geotecnia y Geomecanica,Technical & Execution,Asesor 1,,,,,,,,,,,,
Usuario 264,Engineering,Geotecnia y Geomecanica,Technical & Execution,Asesor 1,,,,,,,,,,,,
Usuario 265,Engineering,Geotecnia y Geomecanica,Technical & Execution,Asesor 1,,,,,,,,,,,,
Usuario 266,Global Technology,Service Management,BA Resilience ,Asesor 1,,,,,,,,,,,,
Usuario 267,Workplace,Correspondencia,BA Resilience ,Asesor 1,,,,,,,,,,,,
Usuario 268,Accounting,Contabilidad,Finance,Asesor 1,,,,,,,,,,,,
Usuario 269,Engineering,Geotecnia y Geomecanica,Technical & Execution,Asesor 1,,,,,,,,,,,,
Usuario 270,Engineering,Geotecnia y Geomecanica,Technical & Execution,Asesor 1,,,,,,,,,,,,
Usuario 271,Engineering,Geotecnia y Geomecanica,Technical & Execution,Asesor 1,,,,,,,,,,,,
Usuario 272,Engineering,Geotecnia y Geomecanica,Technical & Execution,Asesor 1,,,,,,,,,,,,
Usuario 273,Control de Proyectos / Control de Documentos,Control de Documentos,BA Operations,Asesor 1,,,,,,,,,,,,
Usuario 274,Engineering,"Civil, Relaves e Hidraulica",Technical & Execution,Asesor 1,,,,,,,,,,,,
Usuario 275,Control de Proyectos / Control de Documentos,Control de Documentos,BA Operations,Asesor 1,,,,,,,,,,,,
Usuario 276,Engineering,Geotecnia y Geomecanica,Technical & Execution,Asesor 1,,,,,,,,,,,,
Usuario 277,Execution,Estimaciones y Constructibilidad,Technical & Execution,Asesor 1,,,,,,,,,,,,
Usuario 278,Consulting and Sustainability,Estudios y Permisos Ambientales,Technical & Execution,Asesor 2,,,,1.0,,,,,,,,
Usuario 279,Engineering,Sistemas de Ingenieria BIM,Technical & Execution,Asesor 1,,,,,,,,,,,,
Usuario 280,Engineering,Geotecnia y Geomecanica,Technical & Execution,Asesor 1,,,,,,,,,,,,
Usuario 281,Consulting and Sustainability,Gestion de Recursos Hidricos y Remediacion,Technical & Execution,Asesor 1,,,,,,,,,,,,
Usuario 282,Engineering,Sistemas de Ingenieria BIM,Technical & Execution,Asesor 1,,,,,,,,,,,,
Usuario 283,Accounting,Adquisiciones,Finance,Asesor 1,,,,,,,,,,,,
Usuario 284,Execution,Estimaciones y Constructibilidad,Technical & Execution,Asesor 1,,,,,,,,,,,,
Usuario 285,Control de Proyectos / Control de Documentos,Control de Proyectos,BA Operations,Asesor 1,,,,,,,,,,,,
Usuario 286,Consulting and Sustainability,Estudios y Permisos Ambientales,Technical & Execution,Asesor 1,,,,,,,,,,,,
Usuario 287,Consulting and Sustainability,Gestion de Recursos Hidricos y Remediacion,Technical & Execution,Asesor 1,,,,,,,,,,,,
Usuario 288, Execution,Electricidad e Instrumentacion,Technical & Execution,Asesor 1,,,,,,,,,,,,
Usuario 289,Engineering,Engineering,Technical & Execution,Asesor 1,,,,,,x,,,,,,
Usuario 290,Engineering,Procesos,Technical & Execution,Asesor 1,,,,,,,,,,,,
Usuario 291,Execution,Estructuras y Arquitectura,Technical & Execution,Asesor 1,,,,,,,,,,,,
Usuario 292,Control de Proyectos / Control de Documentos,Control de Proyectos,BA Operations,Asesor 1,,,,,,,,,,,,
Usuario 293,Control de Proyectos / Control de Documentos,Control de Proyectos,BA Operations,Asesor 1,,,,,,,,,,,,
Usuario 294,Engineering,Geotecnia y Geomecanica,Technical & Execution,Asesor 1,,,,,,,,,,,,
Usuario 295,Controlling,BUC,Finance,Asesor 1,,,,,,,,,,,,
Usuario 296,Technical & Execution,Consultants,Technical & Execution,Asesor 1,,,,,,,,,,,,
Usuario 297,Engineering,"Civil, Relaves e Hidraulica",Technical & Execution,Asesor 1,,,,,,,,,,,,
Usuario 298,"Legal, Compliance & Privacy ","Legal, Compliance & Privacy ",BA Resilience ,Asesor 1,,,,,,,,,,,,
Usuario 299,Engineering,Geotecnia y Geomecanica,Technical & Execution,Asesor 1,,,,,,,,,,,,
Usuario 300,Engineering,Geotecnia y Geomecanica,Technical & Execution,Asesor 1,,,,,,,,,,,,
Usuario 301,Engineering,Geotecnia y Geomecanica,Technical & Execution,Asesor 1,,,,,,,,,,,,
Usuario 302,Consulting and Sustainability,Gestion de Recursos Hidricos y Remediacion,Technical & Execution,Asesor 2,,,,,,1,,,,,,
Usuario 303,Engineering,Geotecnia y Geomecanica,Technical & Execution,Asesor 1,,,,,,,,,,,,
Usuario 304,Engineering,Geotecnia y Geomecanica,Technical & Execution,Asesor 1,,,,,,,,,,,,
Usuario 305,Consulting and Sustainability,Gestion de Recursos Hidricos y Remediacion,Technical & Execution,Asesor 1,,,,,,,,,,,,
Usuario 306,Consulting and Sustainability,Gestion de Recursos Hidricos y Remediacion,Technical & Execution,Asesor 1,,,,,,,,,,,,
Usuario 307,Consulting and Sustainability,Gestion de Recursos Hidricos y Remediacion,Technical & Execution,Asesor 2,,,,,1.0,,,,,,,
Usuario 308,Consulting and Sustainability,Gestion de Recursos Hidricos y Remediacion,Technical & Execution,Asesor 1,,,,,,,,,,,,
Usuario 309,Sustainability,Sustainability,BA Resilience ,Asesor 1,,,,,,,,,,,,
Usuario 310,Consulting and Sustainability,Gestion de Recursos Hidricos y Remediacion,Technical & Execution,Asesor 1,,,,,,,,,,,,
Usuario 311,People,People Service,People,Asesor 1,,,,,,,,,,,,
Usuario 312,Consulting and Sustainability,Estudios y Permisos Ambientales,Technical & Execution,Asesor 1,,,,,,,,,,,,
Usuario 313,Engineering,Geotecnia y Geomecanica,Technical & Execution,Asesor 1,,,,,,,,,,,,
Usuario 314,Consulting and Sustainability,Gestion de Recursos Hidricos y Remediacion,Technical & Execution,Asesor 1,,,,,,,,,,,,
Usuario 315,Consulting and Sustainability,Gestion de Recursos Hidricos y Remediacion,Technical & Execution,Asesor 1,,,,,,,,,,,,
Usuario 316,Consulting and Sustainability,Geologia,Technical & Execution,Asesor 1,,,,,,,,,,,,
Usuario 317,Growth,Proposals ACL,Growth,Asesor 1,,,,,,,,,,,,
Usuario 318,Execution,Estructuras y Arquitectura,Technical & Execution,Asesor 1,,,,,,,,,,,,
Usuario 319,Consulting and Sustainability,Estudios y Permisos Ambientales,Technical & Execution,Asesor 1,,,,,,,,,,,,
Usuario 320,Engineering,Geotecnia y Geomecanica,Technical & Execution,Asesor 1,,,,,,,,,,,,
Usuario 321,Engineering,Procesos,Technical & Execution,Asesor 1,,,,,,,,,,,,
Usuario 322, Execution,Electricidad e Instrumentacion,Technical & Execution,Asesor 1,,,,,,,,,,,,
Usuario 323,Engineering,Procesos,Technical & Execution,Asesor 1,,,,,,,,,,,,
Usuario 324,Marcomms,Marcomms,Marcomms,Asesor 1,,,,,,,,,,,,
Usuario 325,Engineering,"Civil, Relaves e Hidraulica",Technical & Execution,Asesor 1,,,,,,,,,,,,
Usuario 326,Consulting and Sustainability,Estudios Sociales y Estandares Internacionales,Technical & Execution,Asesor 1,,,,,,,,,,,,
Usuario 327,Engineering,Geotecnia y Geomecanica,Technical & Execution,Asesor 1,,,,,,,,,,,,
Usuario 328,Consulting and Sustainability,Gestion de Recursos Hidricos y Remediacion,Technical & Execution,Asesor 2,,,,,,1,,,,,,
Usuario 329,Global Technology,Soporte,BA Resilience ,Asesor 1,,,,,,,,,,,,
Usuario 330,Accounting,Tesoreria,Finance,Asesor 1,,,,,,,,,,,,
Usuario 331,Engineering,Geotecnia y Geomecanica,Technical & Execution,Asesor 2,,,,,,1,,,,,,
Usuario 332,Engineering,Geotecnia y Geomecanica,Technical & Execution,Asesor 1,,,,,,,,,,,,
Usuario 333,Consulting and Sustainability,Gestion de Recursos Hidricos y Remediacion,Technical & Execution,Asesor 2,,,,,,1,,,,,,
Usuario 334,Engineering,Geotecnia y Geomecanica,Technical & Execution,Asesor 1,,,,,,,,,,,,
Usuario 335,Consulting and Sustainability,Geologia,Technical & Execution,Asesor 1,,,,,,,,,,,,
Usuario 336,Consulting and Sustainability,Gestion de Recursos Hidricos y Remediacion,Technical & Execution,Asesor 1,,,,,,,,,,,,
Usuario 337,Engineering,Geotecnia y Geomecanica,Technical & Execution,Asesor 1,,,,,,,,,,,,
Usuario 338,Global Technology,Digital Services & Solutions,BA Resilience ,Asesor 1,,,,,,,,,,,,
Usuario 339,Consulting and Sustainability,Estudios y Permisos Ambientales,Technical & Execution,Asesor 1,,,,,,,,,,,,
Usuario 340,Consulting and Sustainability,Geologia,Technical & Execution,Asesor 1,,,,,,,,,,,,
Usuario 341,Consulting and Sustainability,Estudios y Permisos Ambientales,Technical & Execution,Asesor 1,,,,,,,,,,,,
Usuario 342,Engineering,Geotecnia y Geomecanica,Technical & Execution,Asesor 1,,,,,,,,,,,,
Usuario 343,Execution,Estructuras y Arquitectura,Technical & Execution,Asesor 1,,,,,,,,,,,,
Usuario 344,Engineering,Geotecnia y Geomecanica,Technical & Execution,Asesor 1,,,,,,,,,,,,
Usuario 345,BA Operations,Contratos,BA Operations,Asesor 1,,,,,,,,,,,,
Usuario 346, Execution,Electricidad e Instrumentacion,Technical & Execution,Asesor 1,,,,,,,,,,,,
Usuario 347,Engineering,"Civil, Relaves e Hidraulica",Technical & Execution,Asesor 1,,,,,,,,,,,,
Usuario 348,BA Operations,Contratos,BA Operations,Asesor 1,,,,,,,,,,,,
Usuario 349,Consulting and Sustainability,Estudios y Permisos Ambientales,Technical & Execution,Asesor 1,,,,,,,,,,,,
Usuario 350,Consulting and Sustainability,Estudios y Permisos Ambientales,Technical & Execution,Asesor 1,,,,,,,,,,,,
Usuario 351,Engineering,Sistemas de Ingenieria BIM,Technical & Execution,Asesor 1,,,,,,,,,,,,
Usuario 352,Engineering,Geotecnia y Geomecanica,Technical & Execution,Asesor 1,,,,,,,,,,,,
Usuario 353, Execution,Electricidad e Instrumentacion,Technical & Execution,Asesor 1,,,,,,,,,,,,
Usuario 354,Consulting and Sustainability,Estudios y Permisos Ambientales,Technical & Execution,Asesor 2,1.0,,,,,,,,,,,
Usuario 355,Execution,Estructuras y Arquitectura,Technical & Execution,Asesor 1,,,,,,,,,,,,
Usuario 356,Engineering,"Civil, Relaves e Hidraulica",Technical & Execution,Asesor 1,,,,,,,,,,,,
Usuario 357,Engineering,Procesos,Technical & Execution,Asesor 1,,,,,,,,,,,,
Usuario 358,Engineering,"Civil, Relaves e Hidraulica",Technical & Execution,Asesor 1,,,,,,,,,,,,
Usuario 359,Global Technology,Soporte,BA Resilience ,Asesor 1,,,,,,,,,,,,
Usuario 360,Engineering,Geotecnia y Geomecanica,Technical & Execution,Asesor 1,,,,,,,,,,,,
Usuario 361,Engineering,Geotecnia y Geomecanica,Technical & Execution,Asesor 1,,,,,,,,,,,,
Usuario 362,Execution,Estimaciones y Constructibilidad,Technical & Execution,Asesor 1,,,,,,,,,,,,
Usuario 363,BA Operations,BA Operations,BA Operations,Asesor 1,,,,,,,,,,,,
Usuario 364,Consulting and Sustainability,Estudios Sociales y Estandares Internacionales,Technical & Execution,Asesor 1,,,1.0,,,,,,,,,
Usuario 365,Consulting and Sustainability,Estudios y Permisos Ambientales,Technical & Execution,Asesor 1,,,,,,,,,,,,
Usuario 366,"Health, safety and wellness","Health, safety and wellness",BA Operations,Asesor 1,,,,,,,1,,,,,
Usuario 367,Engineering,Procesos,Technical & Execution,Asesor 1,,,,,,,,,,,,
Usuario 368, Execution,Electricidad e Instrumentacion,Technical & Execution,Asesor 1,,,,,,,,,,,,
Usuario 369,Consulting and Sustainability,Estudios y Permisos Ambientales,Technical & Execution,Asesor 1,,,,,,,,,,,,
Usuario 370, Execution,Electricidad e Instrumentacion,Technical & Execution,Asesor 1,,,,,,,,,,,,
Usuario 371,Controlling,Reporting,Finance,Asesor 1,,,,,,,,,,,,
Usuario 372,Travel / Logistica,Travel / Logistica,BA Operations,Asesor 2,,,,,,,,,1.0,,,
Usuario 373,Engineering,Sistemas de Ingenieria BIM,Technical & Execution,Asesor 1,,,,1.0,,,,,,,,
Usuario 374,Execution,Mecanica - Piping,Technical & Execution,Asesor 1,,,,,,,,,,,,
Usuario 375,Consulting and Sustainability,Geologia,Technical & Execution,Asesor 1,,,,,,,,,,,,
Usuario 376,Consulting and Sustainability,Estudios Sociales y Estandares Internacionales,Technical & Execution,Asesor 2,1.0,,,,,,,,,,,
Usuario 377,Engineering,"Civil, Relaves e Hidraulica",Technical & Execution,Asesor 1,,,,,,,,,,,,
Usuario 378,Engineering,"Civil, Relaves e Hidraulica",Technical & Execution,Asesor 1,,,,,,,,,,,,
Usuario 379,Engineering,Geotecnia y Geomecanica,Technical & Execution,Asesor 1,,,,,,,,,,,,
Usuario 380,Execution,Estructuras y Arquitectura,Technical & Execution,Asesor 1,,,,,,,,,,,,
Usuario 381, Execution,Electricidad e Instrumentacion,Technical & Execution,Asesor 1,,,,,,,,,,,,
Usuario 382,"Health, safety and wellness","Health, safety and wellness",BA Operations,Asesor 1,,,,,,,,,,,,
Usuario 383,Travel / Logistica,Travel / Logistica,BA Operations,Asesor 1,,,,1.0,,,,,,,,
Usuario 384,Engineering,"Civil, Relaves e Hidraulica",Technical & Execution,Asesor 1,,,,,,,,,,,,
Usuario 385,Consulting and Sustainability,Gestion de Recursos Hidricos y Remediacion,Technical & Execution,Asesor 1,,,,,,,,,,,,
Usuario 386,Global Technology,Soporte,BA Resilience ,Asesor 1,,,,,,,,,,,,
Usuario 387,Consulting and Sustainability,Gestion de Recursos Hidricos y Remediacion,Technical & Execution,Asesor 1,,,,,,,,,,,,
Usuario 388,Technical & Execution,Planificación de Recursos,Technical & Execution,Asesor 2,,,,,,1,,,,,,
Usuario 389,Control de Proyectos / Control de Documentos,Control de Proyectos,BA Operations,Asesor 1,,,,,,,,,,,,
Usuario 390,Control de Proyectos / Control de Documentos,Control de Proyectos,BA Operations,Asesor 1,,,,,,,,,,,,
Usuario 391,Consulting and Sustainability,Gestion de Recursos Hidricos y Remediacion,Technical & Execution,Asesor 2,,,,,1.0,,,,,,,
Usuario 392,Consulting and Sustainability,Geologia,Technical & Execution,Asesor 1,,,,,,,,,,,,
Usuario 393,Execution,Mecanica - Piping,Technical & Execution,Asesor 1,,,,,,,,,,,,
Usuario 394,Engineering,Procesos,Technical & Execution,Asesor 1,,,,,,,,,,,,
Usuario 395,Engineering,Geotecnia y Geomecanica,Technical & Execution,Asesor 1,,,,,,,,,,,,
Usuario 396,Engineering,Geotecnia y Geomecanica,Technical & Execution,Asesor 1,,,,,,,,,,,,
Usuario 397,Consulting and Sustainability,Gestion de Recursos Hidricos y Remediacion,Technical & Execution,Asesor 1,,,,,,,,,,,,
Usuario 398,Engineering,"Civil, Relaves e Hidraulica",Technical & Execution,Asesor 1,,,,,,,,,,,,
Usuario 399,Consulting and Sustainability,Gestion de Recursos Hidricos y Remediacion,Technical & Execution,Asesor 1,,,,,,,,,,,,
Usuario 400,People,People Service,People,Asesor 1,,,,,,,,,,,,
Usuario 401,SGI/Quality,SGI/Quality,BA Operations,Asesor 1,,,,,,,,,,,,
Usuario 402,Engineering,"Civil, Relaves e Hidraulica",Technical & Execution,Asesor 1,,,,,,,,,,,,
Usuario 403,Execution,Estimaciones y Constructibilidad,Technical & Execution,Asesor 1,,,,,,,,,,,,
Usuario 404,Execution,Mecanica - Piping,Technical & Execution,Asesor 1,,,,1.0,,,,,,,,
Usuario 405,Consulting and Sustainability,Analisis Territorial y Geotecnologias,Technical & Execution,Asesor 1,,,,,,,,,,,,
Usuario 406,Travel / Logistica,Travel / Logistica,BA Operations,Asesor 1,,,,,,,,,,,,
Usuario 407,Engineering,Geotecnia y Geomecanica,Technical & Execution,Asesor 2,,,,,,,1,,,,,
Usuario 408,Consulting and Sustainability,Gestion de Recursos Hidricos y Remediacion,Technical & Execution,Asesor 1,,,,,,,,,,,,
Usuario 409,Consulting and Sustainability,Gestion de Recursos Hidricos y Remediacion,Technical & Execution,Asesor 2,,,,,1.0,,,,,,,
Usuario 410,Control de Proyectos / Control de Documentos,Control de Proyectos,BA Operations,Asesor 1,,,,,,,,,,,,
Usuario 411,Consulting and Sustainability,Estudios y Permisos Ambientales,Technical & Execution,Asesor 1,,,,,,,,,,,,
Usuario 412,Control de Proyectos / Control de Documentos,Control de Proyectos,BA Operations,Asesor 1,,,,,,,,,,,,
Usuario 413,Engineering,"Civil, Relaves e Hidraulica",Technical & Execution,Asesor 1,,,,,,,,,,,,
Usuario 414,Consulting and Sustainability,Estudios y Permisos Ambientales,Technical & Execution,Asesor 1,,,,,,,,,,,,
Usuario 415,Growth,Sector Energy & Resources,Growth,Asesor 1,,,,,,,,,,,,
Usuario 416,Workplace,Workplace,BA Resilience ,Asesor 1,,,,,,,,,,,,
Usuario 417,Engineering,Geotecnia y Geomecanica,Technical & Execution,Asesor 1,,,,,,,,,,,,
Usuario 418,Control de Proyectos / Control de Documentos,Control de Documentos,BA Operations,Asesor 1,,,,,,,,,,,,
Usuario 419,Consulting and Sustainability,Estudios y Permisos Ambientales,Technical & Execution,Asesor 1,,,,,,,,,,,,
Usuario 420,Consulting and Sustainability,Gestion de Recursos Hidricos y Remediacion,Technical & Execution,Asesor 1,,,,,,,,,,,,
Usuario 421,Engineering,"Civil, Relaves e Hidraulica",Technical & Execution,Asesor 1,,,,,,,,,,,,
Usuario 422,Execution,Estimaciones y Constructibilidad,Technical & Execution,Asesor 1,,,,,,,,,,,,
Usuario 423,Engineering,Sistemas de Ingenieria BIM,Technical & Execution,Asesor 1,,,,,,,,,,,,
Usuario 424,,,,Asesor 1,,,,,,,,,,,0.0,
Usuario 424,,,,Asesor 1,,,,,,,,,,,,
Usuario 424,,Total realizado,,Asesor 7,,,,,,,,,1.0,,,
Usuario 424,,Total pendientes ,,Asesor 8,,,,,,,,,,,,
Usuario 424,,% Avance,,Asesor 9,,,,,,,,,,,,
Usuario 424,,,,Asesor 1,,,,,,,,,,,,
Usuario 425,N° Sponsor ,,,Asesor 1,,,,,,,,,,,,
Usuario 426,1,,Realizado,Asesor 10,408.0,,,,,,,,,,,
Usuario 427,1,,Pendiente,Asesor 11,,,,,,,,,,,,
Usuario 428,1,,,Asesor 1,,,,,,,,,,,,
Usuario 429,18,,,Asesor 1,,,,,,,,,,,,
Usuario 430,0,,,Asesor 1,,,,,,,,,,,,
Usuario 431,6,,,Asesor 1,,,,,,,,,,,,
Usuario 432,0,,,Asesor 1,,,,,,,,,,,,
Usuario 433,0,,,Asesor 1,,,,,,,,,,,,
Usuario 434,0,,,Asesor 1,,,,,,,,,,,,
Usuario 435,1,,,Asesor 1,,,,,,,,,,,,
Usuario 436,27,,,Asesor 1,,,,,,,,,,,,
Usuario 424,,,,Asesor 1,,,,,,,,,,,,
Usuario 424,,,,Asesor 1,,,,,,,,,,,,
Usuario 424,,,,Asesor 1,,,,,,,,,,,,
Usuario 424,,,,Asesor 1,,,,,,,,,,,,
Usuario 437,Pendiente,Realizado,,Asesor 12,,,,,,,,,,,,
Usuario 438,23,0,,Asesor 13,,,,,,,,,,,,
Usuario 439,0,0,,Asesor 1,,,,,,,,,,,,
Usuario 440,80,5,,Asesor 14,,,,,,,,,,,,
Usuario 441,12,2,,Asesor 15,,,,,,,,,,,,
Usuario 442,12,0,,Asesor 13,,,,,,,,,,,,
Usuario 443,16,0,,Asesor 13,,,,,,,,,,,,
Usuario 444,18,0,,Asesor 13,,,,,,,,,,,,
Usuario 445,0,0,,Asesor 1,,,,,,,,,,,,
Usuario 446,42,9,,Asesor 16,,,,,,,,,,,,
Usuario 447,13,0,,Asesor 13,,,,,,,,,,,,
Usuario 448,2,1,,Asesor 17,,,,,,,,,,,,
Usuario 449,3,0,,Asesor 13,,,,,,,,,,,,
Usuario 450,11,1,,Asesor 18,,,,,,,,,,,,
Usuario 451,26,2,,Asesor 19,,,,,,,,,,,,
Usuario 452,0,0,,Asesor 1,,,,,,,,,,,,
Usuario 453,0,0,,Asesor 1,,,,,,,,,,,,
Usuario 454,4,0,,Asesor 13,,,,,,,,,,,,
Usuario 455,0,0,,Asesor 1,,,,,,,,,,,,
Usuario 456,0,0,,Asesor 1,,,,,,,,,,,,
Usuario 457,4,0,,Asesor 13,,,,,,,,,,,,
Usuario 458,1,0,,Asesor 13,,,,,,,,,,,,
Usuario 459,2,0,,Asesor 13,,,,,,,,,,,,
Usuario 460,1,0,,Asesor 13,,,,,,,,,,,,
Usuario 461,4,0,,Asesor 13,,,,,,,,,,,,
Usuario 462,1,0,,Asesor 13,,,,,,,,,,,,
Usuario 463,5,0,,Asesor 13,,,,,,,,,,,,
Usuario 464,2,0,,Asesor 13,,,,,,,,,,,,
Usuario 465,0,1,,Asesor 20,,,,,,,,,,,,
Usuario 466,10,0,,Asesor 13,,,,,,,,,,,,
Usuario 467,0,0,,Asesor 1,,,,,,,,,,,,
Usuario 468,1,0,,Asesor 13,,,,,,,,,,,,
Usuario 469,0,0,,Asesor 1,,,,,,,,,,,,
Usuario 470,1,0,,Asesor 13,,,,,,,,,,,,
Usuario 471,1,0,,Asesor 13,,,,,,,,,,,,
Usuario 472,0,0,,Asesor 1,,,,,,,,,,,,
Usuario 473,0,0,,Asesor 1,,,,,,,,,,,,
Usuario 474,0,0,,Asesor 1,,,,,,,,,,,,
Usuario 475,0,0,,Asesor 1,,,,,,,,,,,,
Usuario 476,1,0,,Asesor 13,,,,,,,,,,,,
Usuario 477,0,0,,Asesor 1,,,,,,,,,,,,
Usuario 478,7,0,,Asesor 13,,,,,,,,,,,,
Usuario 479,0,0,,Asesor 1,,,,,,,,,,,,
Usuario 424,303,21,,Asesor 1,,,,,,,,,,,,
Usuario 424,,,,Asesor 1,,,,,,,,,,,,
